"id","map_id","eventflag_id","text_id","map_text_id","tag","dlc","name_zhocn","name_jpnjp","name_engus","mapname_zhocn","mapname_jpnjp","mapname_engus"
0,0,200,211200,,,,,,,,,
100000,10000,71000,100000,241300,"PlaceName",,"“接肢”葛瑞克","接ぎ木のゴドリック","Godrick the Grafted","史东薇尔城","ストームヴィル城","Stormveil Castle"
100001,61001,71001,100001,241322,"PlaceName",,"“恶兆妖鬼”玛尔基特","忌み鬼、マルギット","Margit, the Fell Omen","风暴山丘","嵐の丘","Stormhill"
100002,61001,71002,100002,241322,"PlaceName",,"通城隧道","城に向かう隧道","Castleward Tunnel","风暴山丘","嵐の丘","Stormhill"
100003,10000,71003,100003,241300,"PlaceName",,"门旁小屋","城門脇の小部屋","Gateside Chamber","史东薇尔城","ストームヴィル城","Stormveil Castle"
100004,10000,71004,100004,241300,"PlaceName",,"史东薇尔断崖","ストームヴィル断崖","Stormveil Cliffside","史东薇尔城","ストームヴィル城","Stormveil Castle"
100005,10000,71005,100005,241300,"PlaceName",,"城墙塔","城壁の塔","Rampart Tower","史东薇尔城","ストームヴィル城","Stormveil Castle"
100006,10000,71006,100006,241300,"PlaceName",,"升降机旁房间","昇降機側の部屋","Liftside Chamber","史东薇尔城","ストームヴィル城","Stormveil Castle"
100007,10000,71007,100007,241300,"PlaceName",,"深处小房间","奥まった小部屋","Secluded Cell","史东薇尔城","ストームヴィル城","Stormveil Castle"
100008,10000,71008,100008,241300,"PlaceName",,"史东薇尔正门","ストームヴィル正門","Stormveil Main Gate","史东薇尔城","ストームヴィル城","Stormveil Castle"
110000,11000,71100,110000,241302,"PlaceName",,"艾尔登宝座","エルデの王座","Elden Throne","王城罗德尔","王都ローデイル","Leyndell, Royal Capital"
110001,11000,71101,110001,241302,"PlaceName",,"黄金树大教堂","黄金樹の大聖堂","Erdtree Sanctuary","王城罗德尔","王都ローデイル","Leyndell, Royal Capital"
110002,11000,71102,110002,241302,"PlaceName",,"王城东边城墙","王都東城壁","East Capital Rampart","王城罗德尔","王都ローデイル","Leyndell, Royal Capital"
110003,11000,71103,110003,241302,"PlaceName",,"王城底层教堂","王都下層、教会","Lower Capital Church","王城罗德尔","王都ローデイル","Leyndell, Royal Capital"
110004,11000,71104,110004,241302,"PlaceName",,"大道旁露台","大通り脇の露台","Avenue Balcony","王城罗德尔","王都ローデイル","Leyndell, Royal Capital"
110005,11000,71105,110005,241302,"PlaceName",,"王城西边城墙","王都西城壁","West Capital Rampart","王城罗德尔","王都ローデイル","Leyndell, Royal Capital"
110007,11000,71107,110007,241302,"PlaceName",,"女王闺阁","女王の閨","Queen's Bedchamber","王城罗德尔","王都ローデイル","Leyndell, Royal Capital"
110008,11000,71108,110008,241302,"PlaceName",,"城寨一楼","城館一階","Fortified Manor, First Floor","王城罗德尔","王都ローデイル","Leyndell, Royal Capital"
110009,11000,71109,110009,241302,"PlaceName",,"神授桥","神授橋","Divine Bridge","王城罗德尔","王都ローデイル","Leyndell, Royal Capital"
110500,11050,71120,110500,241303,"PlaceName",,"艾尔登宝座","エルデの王座","Elden Throne","灰城罗德尔","灰都ローデイル","Leyndell, Ashen Capital"
110501,11050,71121,110501,241303,"PlaceName",,"黄金树大教堂","黄金樹の大聖堂","Erdtree Sanctuary","灰城罗德尔","灰都ローデイル","Leyndell, Ashen Capital"
110502,11050,71122,110502,241303,"PlaceName",,"王城东边城墙","王都東城壁","East Capital Rampart","灰城罗德尔","灰都ローデイル","Leyndell, Ashen Capital"
110503,11050,71123,110503,241303,"PlaceName",,"“灰烬王城”罗德尔","灰の王都、ローデイル","Leyndell, Capital of Ash","灰城罗德尔","灰都ローデイル","Leyndell, Ashen Capital"
110504,11050,71124,110504,241303,"PlaceName",,"女王闺阁","女王の閨","Queen's Bedchamber","灰城罗德尔","灰都ローデイル","Leyndell, Ashen Capital"
110505,11050,71125,110505,241303,"PlaceName",,"神授桥","神授橋","Divine Bridge","灰城罗德尔","灰都ローデイル","Leyndell, Ashen Capital"
111000,11100,71190,111000,241304,"PlaceName",,"大赐福","大祝福","Table of Lost Grace","圆桌厅堂","円卓","Roundtable Hold"
120100,12012,71210,120100,241307,"PlaceName",,"诺克史黛拉的龙人士兵","ノクステラの竜人兵","Dragonkin Soldier of Nokstella","安瑟尔河","エインセル河","Ainsel River"
120101,12012,71211,120101,241307,"PlaceName",,"安瑟尔河（井底）","エインセル河、井戸下","Ainsel River Well Depths","安瑟尔河","エインセル河","Ainsel River"
120102,12012,71212,120102,241307,"PlaceName",,"安瑟尔河（水门）","エインセル河、水門","Ainsel River Sluice Gate","安瑟尔河","エインセル河","Ainsel River"
120103,12012,71213,120103,241307,"PlaceName",,"安瑟尔河（下游）","エインセル河、下流","Ainsel River Downstream","安瑟尔河","エインセル河","Ainsel River"
120104,12010,71214,120104,241305,"PlaceName",,"安瑟尔河主流","エインセル河本流","Ainsel River Main","安瑟尔河主流","エインセル河本流","Ainsel River Main"
120105,12010,71215,120105,241305,"PlaceName",,"“永恒之城”诺克史黛拉","永遠の都、ノクステラ","Nokstella, Eternal City","安瑟尔河主流","エインセル河本流","Ainsel River Main"
120106,12011,71216,120106,241306,"PlaceName",,"腐败湖畔","腐れ湖の岸","Lake of Rot Shoreside","腐败湖","腐れ湖","Lake of Rot"
120108,12011,71218,120108,241306,"PlaceName",,"大回廊","大回廊","Grand Cloister","腐败湖","腐れ湖","Lake of Rot"
120109,12010,71219,120109,241305,"PlaceName",,"诺克史黛拉水潭","ノクステラ滝壺","Nokstella Waterfall Basin","安瑟尔河主流","エインセル河本流","Ainsel River Main"
120200,12020,71220,120200,241308,"PlaceName",,"大瀑布水潭","大滝壺","Great Waterfall Basin","“永恒之城”诺克隆恩","永遠の都、ノクローン","Nokron, Eternal City"
120201,12020,71221,120201,241308,"PlaceName",,"仿身泪滴","写し身の雫","Mimic Tear","“永恒之城”诺克隆恩","永遠の都、ノクローン","Nokron, Eternal City"
120203,12070,71222,120203,241309,"PlaceName",,"希芙拉河（岸边）","シーフラ河、岸辺","Siofra River Bank","希芙拉河","シーフラ河","Siofra River"
120204,12070,71223,120204,241309,"PlaceName",,"信仰者森林","信奉者の森","Worshippers' Woods","希芙拉河","シーフラ河","Siofra River"
120206,12020,71224,120206,241308,"PlaceName",,"祖灵森林","祖霊の森","Ancestral Woods","“永恒之城”诺克隆恩","永遠の都、ノクローン","Nokron, Eternal City"
120207,12020,71225,120207,241308,"PlaceName",,"导水桥旁断崖","水道橋を臨む断崖","Aqueduct-Facing Cliffs","“永恒之城”诺克隆恩","永遠の都、ノクローン","Nokron, Eternal City"
120208,12020,71226,120208,241308,"PlaceName",,"黑夜神域","夜の神域","Night's Sacred Ground","“永恒之城”诺克隆恩","永遠の都、ノクローン","Nokron, Eternal City"
120209,12070,71227,120209,241309,"PlaceName",,"出口井的下方","奥井戸の下","Below the Well","希芙拉河","シーフラ河","Siofra River"
120300,12030,71230,120300,241310,"PlaceName",,"死王子宝座","死王子の座","Prince of Death's Throne","深根底层","深き根の底","Deeproot Depths"
120301,12030,71231,120301,241310,"PlaceName",,"树根旁断崖","根を臨む断崖","Root-Facing Cliffs","深根底层","深き根の底","Deeproot Depths"
120302,12030,71232,120302,241310,"PlaceName",,"大瀑布顶端","大滝口","Great Waterfall Crest","深根底层","深き根の底","Deeproot Depths"
120303,12030,71233,120303,241310,"PlaceName",,"深根底层","深き根の底","Deeproot Depths","深根底层","深き根の底","Deeproot Depths"
120304,12030,71234,120304,241310,"PlaceName",,"无名永恒之城","名も無き永遠の都","The Nameless Eternal City","深根底层","深き根の底","Deeproot Depths"
120305,12030,71235,120305,241310,"PlaceName",,"树根前路","根渡りの先","Across the Roots","深根底层","深き根の底","Deeproot Depths"
120400,12012,71240,120400,241307,"PlaceName",,"“黑暗弃子”艾丝缇","暗黒の落とし子、アステール","Astel, Naturalborn of the Void","安瑟尔河","エインセル河","Ainsel River"
120500,12050,71250,120500,241311,"PlaceName",,"神人坠眠之茧","神人眠りの繭","Cocoon of the Empyrean","蒙格温王朝","モーグウィン王朝","Mohgwyn Palace"
120501,12050,71251,120501,241311,"PlaceName",,"通往王朝的崖上道路","王朝に至る崖路","Palace Approach Ledge-Road","蒙格温王朝","モーグウィン王朝","Mohgwyn Palace"
120502,12050,71252,120502,241311,"PlaceName",,"王朝庙（入口）","王朝廟入口","Dynasty Mausoleum Entrance","蒙格温王朝","モーグウィン王朝","Mohgwyn Palace"
120503,12050,71253,120503,241311,"PlaceName",,"王朝庙（中段）","王朝廟中腹","Dynasty Mausoleum Midpoint","蒙格温王朝","モーグウィン王朝","Mohgwyn Palace"
120600,0,71260,120600,,,,,,,,,
120601,0,71261,120601,,,,,,,,,
120700,12070,71270,120700,241309,"PlaceName",,"希芙拉河（井底）","シーフラ河、井戸下","Siofra River Well Depths","希芙拉河","シーフラ河","Siofra River"
120701,12020,71271,120701,241308,"PlaceName",,"“永恒之城”诺克隆恩","永遠の都、ノクローン","Nokron, Eternal City","“永恒之城”诺克隆恩","永遠の都、ノクローン","Nokron, Eternal City"
130000,13000,71300,130000,241312,"PlaceName",,"“黑剑”玛利喀斯","黒き剣のマリケス","Maliketh, the Black Blade","逐渐崩毁的法姆·亚兹拉","崩れゆくファルム・アズラ","Crumbling Farum Azula"
130001,13000,71301,130001,241312,"PlaceName",,"“龙王”普拉顿桑克斯","竜王プラキドサクス","Dragonlord Placidusax","逐渐崩毁的法姆·亚兹拉","崩れゆくファルム・アズラ","Crumbling Farum Azula"
130002,13000,71302,130002,241312,"PlaceName",,"龙教堂祭坛","竜聖堂の祭壇","Dragon Temple Altar","逐渐崩毁的法姆·亚兹拉","崩れゆくファルム・アズラ","Crumbling Farum Azula"
130003,13000,71303,130003,241312,"PlaceName",,"渐毁野兽墓","崩れゆく獣墓","Crumbling Beast Grave","逐渐崩毁的法姆·亚兹拉","崩れゆくファルム・アズラ","Crumbling Farum Azula"
130004,13000,71304,130004,241312,"PlaceName",,"渐毁野兽墓（深处）","崩れゆく獣墓、奥部","Crumbling Beast Grave Depths","逐渐崩毁的法姆·亚兹拉","崩れゆくファルム・アズラ","Crumbling Farum Azula"
130005,13000,71305,130005,241312,"PlaceName",,"龙卷旁露台","竜巻を臨む露台","Tempest-Facing Balcony","逐渐崩毁的法姆·亚兹拉","崩れゆくファルム・アズラ","Crumbling Farum Azula"
130006,13000,71306,130006,241312,"PlaceName",,"龙教堂","竜の聖堂","Dragon Temple","逐渐崩毁的法姆·亚兹拉","崩れゆくファルム・アズラ","Crumbling Farum Azula"
130007,13000,71307,130007,241312,"PlaceName",,"龙教堂（耳堂）","竜の聖堂、翼廊","Dragon Temple Transept","逐渐崩毁的法姆·亚兹拉","崩れゆくファルム・アズラ","Crumbling Farum Azula"
130008,13000,71308,130008,241312,"PlaceName",,"龙教堂（升降机前）","竜の聖堂、昇降機前","Dragon Temple Lift","逐渐崩毁的法姆·亚兹拉","崩れゆくファルム・アズラ","Crumbling Farum Azula"
130009,13000,71309,130009,241312,"PlaceName",,"龙教堂（屋顶）","竜の聖堂、屋根上","Dragon Temple Rooftop","逐渐崩毁的法姆·亚兹拉","崩れゆくファルム・アズラ","Crumbling Farum Azula"
130010,13000,71310,130010,241312,"PlaceName",,"大桥侧边","大橋梁の脇","Beside the Great Bridge","逐渐崩毁的法姆·亚兹拉","崩れゆくファルム・アズラ","Crumbling Farum Azula"
140000,14000,71400,140000,241313,"PlaceName",,"雷亚卢卡利亚大书库","レアルカリア大書庫","Raya Lucaria Grand Library","魔法学院雷亚卢卡利亚","魔術学院レアルカリア","Academy of Raya Lucaria"
140001,14000,71401,140001,241313,"PlaceName",,"讨论室","討論室","Debate Parlor","魔法学院雷亚卢卡利亚","魔術学院レアルカリア","Academy of Raya Lucaria"
140002,14000,71402,140002,241313,"PlaceName",,"杜鹃教堂","カッコウの教会","Church of the Cuckoo","魔法学院雷亚卢卡利亚","魔術学院レアルカリア","Academy of Raya Lucaria"
140003,14000,71403,140003,241313,"PlaceName",,"校舍内的教室","学び舎の一室","Schoolhouse Classroom","魔法学院雷亚卢卡利亚","魔術学院レアルカリア","Academy of Raya Lucaria"
150000,15000,71500,150000,241315,"PlaceName",,"“腐败女神”玛莲妮亚","腐敗の女神、マレニア","Malenia, Goddess of Rot","“圣树分枝”艾布雷菲尔","聖樹の支え、エブレフェール","Elphael, Brace of the Haligtree"
150001,15000,71501,150001,241315,"PlaceName",,"祈祷室","祈祷室","Prayer Room","“圣树分枝”艾布雷菲尔","聖樹の支え、エブレフェール","Elphael, Brace of the Haligtree"
150002,15000,71502,150002,241315,"PlaceName",,"艾布雷菲尔城墙内部","エブレフェールの内壁","Elphael Inner Wall","“圣树分枝”艾布雷菲尔","聖樹の支え、エブレフェール","Elphael, Brace of the Haligtree"
150003,15000,71503,150003,241315,"PlaceName",,"排水通道","排水路","Drainage Channel","“圣树分枝”艾布雷菲尔","聖樹の支え、エブレフェール","Elphael, Brace of the Haligtree"
150004,15000,71504,150004,241315,"PlaceName",,"圣树底层","聖樹最下層","Haligtree Roots","“圣树分枝”艾布雷菲尔","聖樹の支え、エブレフェール","Elphael, Brace of the Haligtree"
150005,15001,71505,150005,241314,"PlaceName",,"圣树大舞台","聖樹の大舞台","Haligtree Promenade","米凯拉的圣树","ミケラの聖樹","Miquella's Haligtree"
150006,15001,71506,150006,241314,"PlaceName",,"圣树树冠","聖樹の高枝","Haligtree Canopy","米凯拉的圣树","ミケラの聖樹","Miquella's Haligtree"
150007,15001,71507,150007,241314,"PlaceName",,"圣树镇","聖樹街","Haligtree Town","米凯拉的圣树","ミケラの聖樹","Miquella's Haligtree"
150008,15001,71508,150008,241314,"PlaceName",,"圣树镇（广场）","聖樹街、広場","Haligtree Town Plaza","米凯拉的圣树","ミケラの聖樹","Miquella's Haligtree"
160000,16000,71600,160000,241316,"PlaceName",,"“亵渎君王”拉卡德","冒涜の君主、ライカード","Rykard, Lord of Blasphemy","火山官邸","火山館","Volcano Manor"
160001,16000,71601,160001,241316,"PlaceName",,"艾格蕾教堂","エーグレーの聖堂","Temple of Eiglay","火山官邸","火山館","Volcano Manor"
160002,16000,71602,160002,241316,"PlaceName",,"火山官邸","火山館","Volcano Manor","火山官邸","火山館","Volcano Manor"
160003,16000,71603,160003,241316,"PlaceName",,"牢镇教堂","牢街教会","Prison Town Church","火山官邸","火山館","Volcano Manor"
160004,16000,71604,160004,241316,"PlaceName",,"迎宾厅","迎賓館","Guest Hall","火山官邸","火山館","Volcano Manor"
160005,16000,71605,160005,241316,"PlaceName",,"谒见之路","謁見の道","Audience Pathway","火山官邸","火山館","Volcano Manor"
160006,16000,71606,160006,241316,"PlaceName",,"掳人少女人偶","人さらいの乙女人形","Abductor Virgin","火山官邸","火山館","Volcano Manor"
160007,16000,71607,160007,241316,"PlaceName",,"地底拷问所","地の底の責問所","Subterranean Inquisition Chamber","火山官邸","火山館","Volcano Manor"
180000,18000,71800,180000,241317,"PlaceName",,"求学洞窟","学びの洞窟","Cave of Knowledge","漂流墓地","漂着墓地","Stranded Graveyard"
180001,18000,71801,180001,241317,"PlaceName",,"漂流墓地","漂着墓地","Stranded Graveyard","漂流墓地","漂着墓地","Stranded Graveyard"
190000,19000,71900,190000,241318,"PlaceName",,"濒毁玛莉卡","壊れかけのマリカ","Fractured Marika","石舞台","石舞台","Stone Platform"
200000,20000,72000,200000,241345,"PlaceName","dlc01","神兽舞台","神獣舞台","Theatre of the Divine Beast","“塔之镇”贝瑞特","塔の街、ベルラート","Belurat, Tower Settlement"
200001,20000,72001,200001,241345,"PlaceName","dlc01","“塔之镇”贝瑞特","塔の街、ベルラート","Belurat, Tower Settlement","“塔之镇”贝瑞特","塔の街、ベルラート","Belurat, Tower Settlement"
200002,20000,72002,200002,241345,"PlaceName","dlc01","民宅小祭坛","民家の小祭壇","Small Private Altar","“塔之镇”贝瑞特","塔の街、ベルラート","Belurat, Tower Settlement"
200003,20000,72003,200003,241345,"PlaceName","dlc01","舞台前方","舞台前","Stagefront","“塔之镇”贝瑞特","塔の街、ベルラート","Belurat, Tower Settlement"
200100,20010,72010,200100,241346,"PlaceName","dlc01","神之门","神の門","Gate of Divinity","艾尼尔·伊利姆","エニル・イリム","Enir-Ilim"
200102,20010,72012,200102,241346,"PlaceName","dlc01","艾尼尔·伊利姆外墙","エニル・イリム外壁","Enir-Ilim: Outer Wall","艾尼尔·伊利姆","エニル・イリム","Enir-Ilim"
200103,20010,72013,200103,241346,"PlaceName","dlc01","第一塔","第一塔","First Rise","艾尼尔·伊利姆","エニル・イリム","Enir-Ilim"
200104,20010,72014,200104,241346,"PlaceName","dlc01","螺旋塔","螺旋塔","Spiral Rise","艾尼尔·伊利姆","エニル・イリム","Enir-Ilim"
200105,20010,72015,200105,241346,"PlaceName","dlc01","净身厅前室","清めの間、前室","Cleansing Chamber Anteroom","艾尼尔·伊利姆","エニル・イリム","Enir-Ilim"
200106,20010,72016,200106,241346,"PlaceName","dlc01","神之门（门前楼梯平台）","神の門、前階段","Divine Gate Front Staircase","艾尼尔·伊利姆","エニル・イリム","Enir-Ilim"
210001,21000,72101,210001,241347,"PlaceName","dlc01","正门广场","正門広場","Main Gate Plaza","幽影城","影の城","Shadow Keep"
210002,21000,72102,210002,241347,"PlaceName","dlc01","幽影城（正门）","影の城、正門","Shadow Keep Main Gate","幽影城","影の城","Shadow Keep"
210006,21001,72106,210006,241348,"PlaceName","dlc01","教区入口","教区入口","Church District Entrance","幽影城（教区）","影の城、教区","Shadow Keep, Church District"
210007,21001,72107,210007,241348,"PlaceName","dlc01","沉水礼拜堂","水没した礼拝堂","Sunken Chapel","幽影城（教区）","影の城、教区","Shadow Keep, Church District"
210008,21001,72108,210008,241348,"PlaceName","dlc01","礼树暗道","拝樹の暗道","Tree-Worship Passage","幽影城（教区）","影の城、教区","Shadow Keep, Church District"
210009,21001,72109,210009,241348,"PlaceName","dlc01","礼树教堂","拝樹教会","Tree-Worship Sanctum","幽影城（教区）","影の城、教区","Shadow Keep, Church District"
210100,21010,72110,210100,241349,"PlaceName","dlc01","梅瑟莫的暗室","メスメルの暗室","Messmer's Dark Chamber","物种保藏库","種の保管庫","Specimen Storehouse"
210101,21010,72111,210101,241349,"PlaceName","dlc01","保藏库（一楼）","保管庫一階","Storehouse, First Floor","物种保藏库","種の保管庫","Specimen Storehouse"
210102,21010,72112,210102,241349,"PlaceName","dlc01","保藏库（四楼）","保管庫四階","Storehouse, Fourth Floor","物种保藏库","種の保管庫","Specimen Storehouse"
210103,21010,72113,210103,241349,"PlaceName","dlc01","保藏库（七楼）","保管庫七階","Storehouse, Seventh Floor","物种保藏库","種の保管庫","Specimen Storehouse"
210104,21010,72114,210104,241349,"PlaceName","dlc01","暗室门前","暗室前","Dark Chamber Entrance","物种保藏库","種の保管庫","Specimen Storehouse"
210105,21010,72116,210106,241349,"PlaceName","dlc01","保藏库（内区）","保管庫、裏区画","Storehouse, Back Section","物种保藏库","種の保管庫","Specimen Storehouse"
210106,21010,72117,210107,241349,"PlaceName","dlc01","保藏库（阁楼）","保管庫、屋根裏","Storehouse, Loft","物种保藏库","種の保管庫","Specimen Storehouse"
210201,21010,72120,210201,241349,"PlaceName","dlc01","西边城墙","西の城壁","West Rampart","物种保藏库","種の保管庫","Specimen Storehouse"
220000,22000,72200,220000,241350,"PlaceName","dlc01","深紫花园","深紫の花園","Garden of Deep Purple","石棺大洞","石棺の大穴","Stone Coffin Fissure"
220001,22000,72201,220001,241350,"PlaceName","dlc01","石棺大洞","石棺の大穴","Stone Coffin Fissure","石棺大洞","石棺の大穴","Stone Coffin Fissure"
220002,22000,72202,220002,241350,"PlaceName","dlc01","大洞的十字记号","大穴の十字","Fissure Cross","石棺大洞","石棺の大穴","Stone Coffin Fissure"
220003,22000,72203,220003,241350,"PlaceName","dlc01","大洞中段","大穴中腹","Fissure Waypoint","石棺大洞","石棺の大穴","Stone Coffin Fissure"
220004,22000,72204,220004,241350,"PlaceName","dlc01","大洞深处","大穴深部","Fissure Depths","石棺大洞","石棺の大穴","Stone Coffin Fissure"
250000,6900,72500,250000,241337,"PlaceName","dlc01","指头产房","指の産所","Finger Birthing Grounds","幽影亚坛","影のアルター","Scadu Altus"
280000,28000,72800,280000,241351,"PlaceName","dlc01","对谈室","対話室","Discussion Chamber","米德拉府邸","ミドラーの館","Midra's Manse"
280001,28000,72801,280001,241351,"PlaceName","dlc01","府邸大厅","館の広間","Manse Hall","米德拉府邸","ミドラーの館","Midra's Manse"
280002,28000,72802,280002,241351,"PlaceName","dlc01","米德拉的书库","ミドラーの書庫","Midra's Library","米德拉府邸","ミドラーの館","Midra's Manse"
280003,28000,72803,280003,241351,"PlaceName","dlc01","二楼小房间","二階の小部屋","Second Floor Chamber","米德拉府邸","ミドラーの館","Midra's Manse"
300000,61002,73000,300000,241323,"PlaceName",,"灵庙原野地下墓地","霊廟ヶ原の地下墓","Tombsward Catacombs","啜泣半岛","啜り泣きの半島","Weeping Peninsula"
300100,61002,73001,300100,241323,"PlaceName",,"穿刺地下墓地","串刺しの地下墓","Impaler's Catacombs","啜泣半岛","啜り泣きの半島","Weeping Peninsula"
300200,61000,73002,300200,241321,"PlaceName",,"风暴根脚的地下墓地","嵐の麓の地下墓","Stormfoot Catacombs","宁姆格福","リムグレイブ","Limgrave"
300300,62000,73003,300300,241324,"PlaceName",,"绝路地下墓地","行き止まりの地下墓","Road's End Catacombs","湖之利耶尼亚","湖のリエーニエ","Liurnia of the Lakes"
300400,61000,73004,300400,241321,"PlaceName",,"蒙流地下墓地","曇り川の地下墓","Murkwater Catacombs","宁姆格福","リムグレイブ","Limgrave"
300500,62000,73005,300500,241324,"PlaceName",,"黑刀地下墓地","黒き刃の地下墓","Black Knife Catacombs","湖之利耶尼亚","湖のリエーニエ","Liurnia of the Lakes"
300600,62000,73006,300600,241324,"PlaceName",,"断崖下的地下墓地","断崖下の地下墓","Cliffbottom Catacombs","湖之利耶尼亚","湖のリエーニエ","Liurnia of the Lakes"
300700,63001,73007,300700,241328,"PlaceName",,"威达姆地下墓地","ウィンダムの地下墓","Wyndham Catacombs","格密尔火山","ゲルミア火山","Mt. Gelmir"
300800,63000,73008,300800,241327,"PlaceName",,"尊贵者的英雄墓地","貴き者たちの英雄墓","Sainted Hero's Grave","亚坛高原","アルター高原","Altus Plateau"
300900,63001,73009,300900,241328,"PlaceName",,"格密尔英雄墓地","ゲルミアの英雄墓","Gelmir Hero's Grave","格密尔火山","ゲルミア火山","Mt. Gelmir"
301000,63002,73010,301000,241329,"PlaceName",,"亚雷萨英雄墓地","アウレーザの英雄墓","Auriza Hero's Grave","王城外围","王都外廓","Capital Outskirts"
301100,61001,73011,301100,241322,"PlaceName",,"死亡降临的地下墓地","死に触れた地下墓","Deathtouched Catacombs","风暴山丘","嵐の丘","Stormhill"
301200,63000,73012,301200,241327,"PlaceName",,"丑恶地下墓地","醜き地下墓","Unsightly Catacombs","亚坛高原","アルター高原","Altus Plateau"
301300,63002,73013,301300,241329,"PlaceName",,"亚雷萨副墓地","アウレーザの副墓","Auriza Side Tomb","王城外围","王都外廓","Capital Outskirts"
301400,64000,73014,301400,241331,"PlaceName",,"小黄金树地下墓地","小黄金樹の地下墓","Minor Erdtree Catacombs","盖利德","ケイリッド","Caelid"
301500,64000,73015,301500,241331,"PlaceName",,"盖利德地下墓地","ケイリッドの地下墓","Caelid Catacombs","盖利德","ケイリッド","Caelid"
301600,64000,73016,301600,241331,"PlaceName",,"英灵地下墓地","英霊たちの地下墓","War-Dead Catacombs","盖利德","ケイリッド","Caelid"
301700,65001,73017,301700,241334,"PlaceName",,"巨人战争的英雄墓地","巨人戦争の英雄墓","Giant-Conquering Hero's Grave","火焰之巅","火の頂","Flame Peak"
301800,65001,73018,301800,241334,"PlaceName",,"巨人山顶地下墓地","巨人山嶺の地下墓","Giants' Mountaintop Catacombs","火焰之巅","火の頂","Flame Peak"
301900,65002,73019,301900,241335,"PlaceName",,"化圣雪原地下墓地","聖別雪原の地下墓","Consecrated Snowfield Catacombs","化圣雪原","聖別雪原","Consecrated Snowfield"
302000,63003,73020,302000,241330,"PlaceName",,"通往圣树的密道","聖樹への秘路","Hidden Path to the Haligtree","禁域","禁域","Forbidden Lands"
310000,61000,73100,310000,241321,"PlaceName",,"蒙流洞窟","曇り川の洞窟","Murkwater Cave","宁姆格福","リムグレイブ","Limgrave"
310100,61002,73101,310100,241323,"PlaceName",,"垂穴洞窟","穴下りの洞窟","Earthbore Cave","啜泣半岛","啜り泣きの半島","Weeping Peninsula"
310200,61002,73102,310200,241323,"PlaceName",,"灵庙原野洞窟","霊廟ヶ原の洞窟","Tombsward Cave","啜泣半岛","啜り泣きの半島","Weeping Peninsula"
310300,61000,73103,310300,241321,"PlaceName",,"近林洞窟","林脇の洞窟","Groveside Cave","宁姆格福","リムグレイブ","Limgrave"
310400,62000,73104,310400,241324,"PlaceName",,"留水洞窟","溜水の洞窟","Stillwater Cave","湖之利耶尼亚","湖のリエーニエ","Liurnia of the Lakes"
310500,62000,73105,310500,241324,"PlaceName",,"湖旁结晶洞窟","湖脇の結晶洞窟","Lakeside Crystal Cave","湖之利耶尼亚","湖のリエーニエ","Liurnia of the Lakes"
310600,62000,73106,310600,241324,"PlaceName",,"学院结晶洞窟","学院の結晶洞窟","Academy Crystal Cave","湖之利耶尼亚","湖のリエーニエ","Liurnia of the Lakes"
310700,63001,73107,310700,241328,"PlaceName",,"沸滚河洞窟","煮え立ち川の洞窟","Seethewater Cave","格密尔火山","ゲルミア火山","Mt. Gelmir"
310900,63001,73109,310900,241328,"PlaceName",,"火山洞窟","火山の洞窟","Volcano Cave","格密尔火山","ゲルミア火山","Mt. Gelmir"
311000,64001,73110,311000,241332,"PlaceName",,"龙墓洞窟","竜塚の洞窟","Dragonbarrow Cave","桂奥尔龙墓","グレイオールの竜塚","Greyoll's Dragonbarrow"
311100,64001,73111,311100,241332,"PlaceName",,"瑟利亚隐藏洞窟","サリアの隠し洞窟","Sellia Hideaway","桂奥尔龙墓","グレイオールの竜塚","Greyoll's Dragonbarrow"
311200,65002,73112,311200,241335,"PlaceName",,"安身洞窟","寄る辺の洞窟","Cave of the Forlorn","化圣雪原","聖別雪原","Consecrated Snowfield"
311500,61000,73115,311500,241321,"PlaceName",,"海岸洞窟","海岸の洞窟","Coastal Cave","宁姆格福","リムグレイブ","Limgrave"
311700,61000,73117,311700,241321,"PlaceName",,"大道下的洞窟","高路下の洞窟","Highroad Cave","宁姆格福","リムグレイブ","Limgrave"
311800,63000,73118,311800,241327,"PlaceName",,"调香师的隐藏洞窟","調香師の隠し洞窟","Perfumer's Grotto","亚坛高原","アルター高原","Altus Plateau"
311900,63000,73119,311900,241327,"PlaceName",,"贤者的洞窟","賢者の洞窟","Sage's Cave","亚坛高原","アルター高原","Altus Plateau"
312000,64000,73120,312000,241331,"PlaceName",,"废弃洞窟","廃棄洞窟","Abandoned Cave","盖利德","ケイリッド","Caelid"
312100,64000,73121,312100,241331,"PlaceName",,"牢狱洞窟","牢獄洞窟","Gaol Cave","盖利德","ケイリッド","Caelid"
312200,65000,73122,312200,241333,"PlaceName",,"唤灵洞窟","霊喚びの洞窟","Spiritcaller Cave","巨人山顶","巨人たちの山嶺","Mountaintops of the Giants"
320000,61002,73200,320000,241323,"PlaceName",,"摩恩坑道","モーンの坑道","Morne Tunnel","啜泣半岛","啜り泣きの半島","Weeping Peninsula"
320100,61000,73201,320100,241321,"PlaceName",,"宁姆格福坑道","リムグレイブ坑道","Limgrave Tunnels","宁姆格福","リムグレイブ","Limgrave"
320200,62000,73202,320200,241324,"PlaceName",,"雷亚卢卡利亚结晶坑道","レアルカリア結晶坑道","Raya Lucaria Crystal Tunnel","湖之利耶尼亚","湖のリエーニエ","Liurnia of the Lakes"
320400,63000,73204,320400,241327,"PlaceName",,"旧亚坛坑道","旧アルター坑道","Old Altus Tunnel","亚坛高原","アルター高原","Altus Plateau"
320500,63000,73205,320500,241327,"PlaceName",,"亚坛坑道","アルター坑道","Altus Tunnel","亚坛高原","アルター高原","Altus Plateau"
320700,64000,73207,320700,241331,"PlaceName",,"盖尔坑道","ゲール坑道","Gael Tunnel","盖利德","ケイリッド","Caelid"
320701,64000,73257,320701,241331,"PlaceName",,"盖尔坑道（侧门口）","ゲール坑道、裏口","Rear Gael Tunnel Entrance","盖利德","ケイリッド","Caelid"
320800,64000,73208,320800,241331,"PlaceName",,"瑟利亚结晶坑道","サリアの結晶坑道","Sellia Crystal Tunnel","盖利德","ケイリッド","Caelid"
321100,65002,73211,321100,241335,"PlaceName",,"耶罗·亚尼斯坑道","イエロ・アニスの坑道","Yelough Anix Tunnel","化圣雪原","聖別雪原","Consecrated Snowfield"
341000,61001,73410,341000,241322,"PlaceName",,"宁姆格福神授塔（桥上）","リムグレイブの神授塔、橋梁","Limgrave Tower Bridge","风暴山丘","嵐の丘","Stormhill"
341002,61001,73412,341002,241322,"PlaceName",,"宁姆格福神授塔","リムグレイブの神授塔","Divine Tower of Limgrave","风暴山丘","嵐の丘","Stormhill"
341100,62000,73420,341100,241324,"PlaceName",,"书斋入口","書院入口","Study Hall Entrance","湖之利耶尼亚","湖のリエーニエ","Liurnia of the Lakes"
341101,62000,73421,341101,241324,"PlaceName",,"利耶尼亚神授塔（桥上）","リエーニエの神授塔、橋梁","Liurnia Tower Bridge","湖之利耶尼亚","湖のリエーニエ","Liurnia of the Lakes"
341102,62000,73422,341102,241324,"PlaceName",,"利耶尼亚神授塔","リエーニエの神授塔","Divine Tower of Liurnia","湖之利耶尼亚","湖のリエーニエ","Liurnia of the Lakes"
341200,63002,73430,341200,241329,"PlaceName",,"西亚坛神授塔","西アルターの神授塔","Divine Tower of West Altus","王城外围","王都外廓","Capital Outskirts"
341201,63002,73431,341201,241329,"PlaceName",,"封印坑道","封印された坑道","Sealed Tunnel","王城外围","王都外廓","Capital Outskirts"
341202,63002,73432,341202,241329,"PlaceName",,"西亚坛神授塔（门口）","西アルターの神授塔、門前","Divine Tower of West Altus: Gate","王城外围","王都外廓","Capital Outskirts"
341301,64001,73440,341301,241332,"PlaceName",,"盖利德神授塔（地底）","ケイリッドの神授塔、地下","Divine Tower of Caelid: Basement","桂奥尔龙墓","グレイオールの竜塚","Greyoll's Dragonbarrow"
341302,64001,73441,341302,241332,"PlaceName",,"盖利德神授塔（中段）","ケイリッドの神授塔、中腹","Divine Tower of Caelid: Center","桂奥尔龙墓","グレイオールの竜塚","Greyoll's Dragonbarrow"
341400,63003,73450,341400,241330,"PlaceName",,"东亚坛神授塔（门口）","東アルターの神授塔、門前","Divine Tower of East Altus: Gate","禁域","禁域","Forbidden Lands"
341401,63003,73451,341401,241330,"PlaceName",,"东亚坛神授塔","東アルターの神授塔","Divine Tower of East Altus","禁域","禁域","Forbidden Lands"
341500,64001,73460,341500,241332,"PlaceName",,"孤立神授塔","孤絶した神授塔","Isolated Divine Tower","桂奥尔龙墓","グレイオールの竜塚","Greyoll's Dragonbarrow"
350000,35000,73500,350000,241319,"PlaceName",,"弃置恶兆的大教堂","忌み捨ての大聖堂","Cathedral of the Forsaken","弃置恶兆的地底","忌み捨ての地下","Subterranean Shunning-Grounds"
350001,35000,73501,350001,241319,"PlaceName",,"地底大道旁","地下大通り脇","Underground Roadside","弃置恶兆的地底","忌み捨ての地下","Subterranean Shunning-Grounds"
350002,35000,73502,350002,241319,"PlaceName",,"弃置恶兆的底层","忌み捨ての底","Forsaken Depths","弃置恶兆的地底","忌み捨ての地下","Subterranean Shunning-Grounds"
350003,35000,73503,350003,241319,"PlaceName",,"罗德尔地下墓地","ローデイルの地下墓","Leyndell Catacombs","弃置恶兆的地底","忌み捨ての地下","Subterranean Shunning-Grounds"
350004,35000,73504,350004,241319,"PlaceName",,"癫火封印","狂い火の封印","Frenzied Flame Proscription","弃置恶兆的地底","忌み捨ての地下","Subterranean Shunning-Grounds"
390000,39200,73900,390000,241320,"PlaceName",,"“熔岩土龙”马卡尔","溶岩土竜、マカール","Magma Wyrm Makar","古遗迹断崖","古遺跡断崖","Ruin-Strewn Precipice"
390001,39200,73901,390001,241320,"PlaceName",,"古遗迹断崖","古遺跡断崖","Ruin-Strewn Precipice","古遗迹断崖","古遺跡断崖","Ruin-Strewn Precipice"
390002,39200,73902,390002,241320,"PlaceName",,"古遗迹断崖（对岸）","古遺跡断崖、対岸","Ruin-Strewn Precipice Overlook","古遗迹断崖","古遺跡断崖","Ruin-Strewn Precipice"
400000,6800,74000,400000,241353,"PlaceName","dlc01","雾谷地下墓地","霧谷の地下墓","Fog Rift Catacombs","墓地平原","墓地平原","Gravesite Plain"
400100,6950,74001,400100,241354,"PlaceName","dlc01","蝎河地下墓地","サソリ川の地下墓","Scorpion River Catacombs","劳弗下方","ラウフの麓","Rauh Base"
400200,6900,74002,400200,241337,"PlaceName","dlc01","驱暗地下墓地","闇照らしの地下墓","Darklight Catacombs","幽影亚坛","影のアルター","Scadu Altus"
410000,6800,74100,410000,241353,"PlaceName","dlc01","贝瑞特监牢","ベルラートの牢獄","Belurat Gaol","墓地平原","墓地平原","Gravesite Plain"
410100,6900,74101,410100,241337,"PlaceName","dlc01","波尼监牢","ボニの牢獄","Bonny Gaol","幽影亚坛","影のアルター","Scadu Altus"
410200,6840,74102,410200,241341,"PlaceName","dlc01","喟叹监牢","嘆きの牢獄","Lamenter's Gaol","卡罗隐藏墓地","カロの隠し墓地","Charo's Hidden Grave"
420000,6800,74200,420000,241353,"PlaceName","dlc01","熔岩管锻造遗迹","溶岩筒の鍛冶遺跡","Ruined Forge Lava Intake","墓地平原","墓地平原","Gravesite Plain"
420200,6900,74202,420200,241337,"PlaceName","dlc01","古铁陨石锻造遗迹","古隕鉄の鍛冶遺跡","Ruined Forge of Starfall Past","幽影亚坛","影のアルター","Scadu Altus"
420300,6950,74203,420300,241354,"PlaceName","dlc01","泰乌尔锻造遗迹","テウルの鍛冶遺跡","Taylew's Ruined Forge","劳弗下方","ラウフの麓","Rauh Base"
430000,6800,74300,430000,241353,"PlaceName","dlc01","河尾洞窟","川終わりの洞窟","Rivermouth Cave","墓地平原","墓地平原","Gravesite Plain"
430100,6800,74301,430100,241353,"PlaceName","dlc01","龙洞","竜の穴","Dragon's Pit","墓地平原","墓地平原","Gravesite Plain"
430101,6800,74351,430101,241353,"PlaceName","dlc01","龙洞（终点）","竜の穴、終端","Dragon's Pit Terminus","墓地平原","墓地平原","Gravesite Plain"
61413200,61002,76156,611006,241323,"PlaceName",,"隐居商人的破屋","隠遁商人のボロ家","Isolated Merchant's Shack","啜泣半岛","啜り泣きの半島","Weeping Peninsula"
61413300,61002,76162,611000,241323,"PlaceName",,"玛莉卡第四教堂","第四マリカ教会","Fourth Church of Marika","啜泣半岛","啜り泣きの半島","Weeping Peninsula"
61413500,61000,76110,610008,241321,"PlaceName",,"龙飨教堂","竜餐教会","Church of Dragon Communion","宁姆格福","リムグレイブ","Limgrave"
61413800,61001,76102,610001,241322,"PlaceName",,"风暴山丘的破屋","嵐丘のボロ家","Stormhill Shack","风暴山丘","嵐の丘","Stormhill"
61423300,61002,76152,611002,241323,"PlaceName",,"灵庙原野","霊廟ヶ原","Tombsward","啜泣半岛","啜り泣きの半島","Weeping Peninsula"
61423600,61000,76100,610000,241321,"PlaceName",,"艾雷教堂","エレの教会","Church of Elleh","宁姆格福","リムグレイブ","Limgrave"
61423601,61000,76101,610019,241321,"PlaceName",,"引导之始","導きのはじまり","The First Step","宁姆格福","リムグレイブ","Limgrave"
61423700,61000,76111,610009,241321,"PlaceName",,"关卡前方","関門前","Gatefront","宁姆格福","リムグレイブ","Limgrave"
61423800,61001,76118,610017,241322,"PlaceName",,"习战者的破屋","戦学びのボロ家","Warmaster's Shack","风暴山丘","嵐の丘","Stormhill"
61433000,61002,76161,611011,241323,"PlaceName",,"摩恩悲叹墓","モーンの嘆き墓","Morne Moangrave","啜泣半岛","啜り泣きの半島","Weeping Peninsula"
61433100,61002,76158,611008,241323,"PlaceName",,"摩恩城（升降机前方）","モーンの城、昇降機前","Castle Morne Lift","啜泣半岛","啜り泣きの半島","Weeping Peninsula"
61433101,61002,76159,611009,241323,"PlaceName",,"城堡后方","城の裏手","Behind the Castle","啜泣半岛","啜り泣きの半島","Weeping Peninsula"
61433102,61002,76160,611010,241323,"PlaceName",,"城墙监牢旁","城壁牢の脇","Beside the Rampart Gaol","啜泣半岛","啜り泣きの半島","Weeping Peninsula"
61433400,61002,76150,611012,241323,"PlaceName",,"巡礼教堂","巡礼教会","Church of Pilgrimage","啜泣半岛","啜り泣きの半島","Weeping Peninsula"
61433500,61000,76113,610011,241321,"PlaceName",,"傍海古遗迹","海を臨む古遺跡","Seaside Ruins","宁姆格福","リムグレイブ","Limgrave"
61433700,61000,76108,610007,241321,"PlaceName",,"亚基尔湖北方","アギール湖北","Agheel Lake North","宁姆格福","リムグレイブ","Limgrave"
61433800,61000,76116,610014,241321,"PlaceName",,"蒙流岸边","曇り川の岸上","Murkwater Coast","宁姆格福","リムグレイブ","Limgrave"
61433900,61001,76117,610015,241322,"PlaceName",,"圣人桥","聖人橋","Saintsbridge","风暴山丘","嵐の丘","Stormhill"
61443300,61002,76151,611001,241323,"PlaceName",,"摩恩城（城墙前方）","モーンの城壁前","Castle Morne Rampart","啜泣半岛","啜り泣きの半島","Weeping Peninsula"
61443301,61002,76153,611003,241323,"PlaceName",,"监视塔的南方","見張り塔の南","South of the Lookout Tower","啜泣半岛","啜り泣きの半島","Weeping Peninsula"
61443302,61002,76154,611004,241323,"PlaceName",,"病村外","病村のはずれ","Ailing Village Outskirts","啜泣半岛","啜り泣きの半島","Weeping Peninsula"
61443400,61002,76157,611007,241323,"PlaceName",,"献祭大桥","贄送りの大橋","Bridge of Sacrifice","啜泣半岛","啜り泣きの半島","Weeping Peninsula"
61443500,61000,76106,610005,241321,"PlaceName",,"亚基尔湖南方","アギール湖南","Agheel Lake South","宁姆格福","リムグレイブ","Limgrave"
61443600,61000,76120,610018,241321,"PlaceName",,"驿站街遗迹的地下室","宿場跡の地下室","Waypoint Ruins Cellar","宁姆格福","リムグレイブ","Limgrave"
61443700,61000,76114,610012,241321,"PlaceName",,"雾林边缘","霧の森のはずれ","Mistwood Outskirts","宁姆格福","リムグレイブ","Limgrave"
61443800,61000,76103,610002,241321,"PlaceName",,"画家的破屋","絵描きのボロ家","Artist's Shack","宁姆格福","リムグレイブ","Limgrave"
61443900,61000,76119,610016,241321,"PlaceName",,"水唤村外","呼び水村のはずれ","Summonwater Village Outskirts","宁姆格福","リムグレイブ","Limgrave"
61453300,61002,76155,611005,241323,"PlaceName",,"地坑旁","穴あき地の脇","Beside the Crater-Pocked Glade","啜泣半岛","啜り泣きの半島","Weeping Peninsula"
61453600,61000,76105,610004,241321,"PlaceName",,"海德要塞西方","ハイト砦の西","Fort Haight West","宁姆格福","リムグレイブ","Limgrave"
61454100,6800,76804,680004,241353,"PlaceName","dlc01","崖上道路的终点","崖路の終わり","Cliffroad Terminus","墓地平原","墓地平原","Gravesite Plain"
61454200,6800,76803,680003,241353,"PlaceName","dlc01","正门前方的十字记号","正門前の十字","Main Gate Cross","墓地平原","墓地平原","Gravesite Plain"
61463800,61000,76104,610003,241321,"PlaceName",,"玛莉卡第三教堂","第三マリカ教会","Third Church of Marika","宁姆格福","リムグレイブ","Limgrave"
61464000,6800,76800,680000,241353,"PlaceName","dlc01","墓地平原","墓地平原","Gravesite Plain","墓地平原","墓地平原","Gravesite Plain"
61464200,6800,76802,680002,241353,"PlaceName","dlc01","三叉口的十字记号","三叉路の十字","Three-Path Cross","墓地平原","墓地平原","Gravesite Plain"
61464400,6800,76805,680005,241353,"PlaceName","dlc01","大桥北方","大橋の北","Greatbridge, North","墓地平原","墓地平原","Gravesite Plain"
61474100,6800,76801,680001,241353,"PlaceName","dlc01","火吻废墟","火に焼かれた廃墟","Scorched Ruins","墓地平原","墓地平原","Gravesite Plain"
61474300,6800,76812,681000,241353,"PlaceName","dlc01","艾拉克河洞窟","エラク川の洞窟","Ellac River Cave","墓地平原","墓地平原","Gravesite Plain"
61474400,6800,76813,681003,241353,"PlaceName","dlc01","城的前方","城砦正面","Castle Front","墓地平原","墓地平原","Gravesite Plain"
61474401,6820,76821,682000,241352,"PlaceName","dlc01","恩希斯城（关卡）","エンシスの城砦、関所","Castle Ensis Checkpoint","恩希斯城","エンシスの城砦","Castle Ensis"
61484200,6800,76811,681002,241353,"PlaceName","dlc01","通柱坡中段","柱坂中腹","Pillar Path Waypoint","墓地平原","墓地平原","Gravesite Plain"
61484300,6800,76810,681001,241353,"PlaceName","dlc01","通柱坡的十字记号","柱坂の十字","Pillar Path Cross","墓地平原","墓地平原","Gravesite Plain"
61484400,6820,76823,682002,241352,"PlaceName","dlc01","恩希斯赏月地","エンシスの月見場","Ensis Moongazing Grounds","恩希斯城","エンシスの城砦","Castle Ensis"
61484401,6820,76822,682001,241352,"PlaceName","dlc01","城主的房间","城主の間","Castle-Lord's Chamber","恩希斯城","エンシスの城砦","Castle Ensis"
62334000,62002,76252,621002,241326,"PlaceName",,"祭坛南方","祭壇の南端","Altar South","月光祭坛","月光の祭壇","Moonlight Altar"
62334400,62000,76218,620033,241324,"PlaceName",,"复仇者的破屋","復讐者のボロ家","Revenger's Shack","湖之利耶尼亚","湖のリエーニエ","Liurnia of the Lakes"
62334600,62000,76210,620020,241324,"PlaceName",,"四钟楼山脚","四鐘楼の麓","Foot of the Four Belfries","湖之利耶尼亚","湖のリエーニエ","Liurnia of the Lakes"
62334700,62000,76227,620042,241324,"PlaceName",,"四钟楼","四鐘楼","The Four Belfries","湖之利耶尼亚","湖のリエーニエ","Liurnia of the Lakes"
62344100,62002,76250,621000,241326,"PlaceName",,"月光祭坛","月光の祭壇","Moonlight Altar","月光祭坛","月光の祭壇","Moonlight Altar"
62344200,62000,76220,620035,241324,"PlaceName",,"白金村","しろがね村","Village of the Albinaurics","湖之利耶尼亚","湖のリエーニエ","Liurnia of the Lakes"
62344300,62000,76237,620052,241324,"PlaceName",,"改宗塔","改宗された塔","Converted Tower","湖之利耶尼亚","湖のリエーニエ","Liurnia of the Lakes"
62344400,62000,76241,620056,241324,"PlaceName",,"教堂区","聖堂区画","Temple Quarter","湖之利耶尼亚","湖のリエーニエ","Liurnia of the Lakes"
62344600,62000,76243,620058,241324,"PlaceName",,"结晶森林","結晶の森","Crystalline Woods","湖之利耶尼亚","湖のリエーニエ","Liurnia of the Lakes"
62344701,62000,76211,620021,241324,"PlaceName",,"魔法师塔的小岛","魔術師塔の小島","Sorcerer's Isle","湖之利耶尼亚","湖のリエーニエ","Liurnia of the Lakes"
62344800,62000,76212,620022,241324,"PlaceName",,"利耶尼亚湖（北岸）","リエーニエ湖、北岸","Northern Liurnia Lake Shore","湖之利耶尼亚","湖のリエーニエ","Liurnia of the Lakes"
62344900,62000,76213,620023,241324,"PlaceName",,"通往城寨的道路","城館への道","Road to the Manor","湖之利耶尼亚","湖のリエーニエ","Liurnia of the Lakes"
62345000,62000,76228,620043,241324,"PlaceName",,"菈妮魔法师塔","ラニの魔術師塔","Ranni's Rise","湖之利耶尼亚","湖のリエーニエ","Liurnia of the Lakes"
62345001,62000,76247,620062,241324,"PlaceName",,"菈妮的房间","ラニの部屋","Ranni's Chamber","湖之利耶尼亚","湖のリエーニエ","Liurnia of the Lakes"
62354200,62002,76251,621001,241326,"PlaceName",,"玛努斯·瑟利斯大教堂","マヌス・セリスの大教会","Cathedral of Manus Celes","月光祭坛","月光の祭壇","Moonlight Altar"
62354300,62000,76219,620034,241324,"PlaceName",,"湖畔凉亭","湖の東屋","Folly on the Lake","湖之利耶尼亚","湖のリエーニエ","Liurnia of the Lakes"
62354500,62000,76205,620061,241324,"PlaceName",,"雷亚卢卡利亚（南门）","レアルカリア南門","South Raya Lucaria Gate","湖之利耶尼亚","湖のリエーニエ","Liurnia of the Lakes"
62354600,62000,76206,620005,241324,"PlaceName",,"学院正门口","学院正門前","Main Academy Gate","湖之利耶尼亚","湖のリエーニエ","Liurnia of the Lakes"
62354700,62000,76242,620057,241324,"PlaceName",,"东门桥的桥柱","東門橋の橋脚","East Gate Bridge Trestle","湖之利耶尼亚","湖のリエーニエ","Liurnia of the Lakes"
62355000,62000,76230,620045,241324,"PlaceName",,"城寨上部","城館上層","Manor Upper Level","湖之利耶尼亚","湖のリエーニエ","Liurnia of the Lakes"
62355001,62000,76231,620046,241324,"PlaceName",,"城寨下部","城館下層","Manor Lower Level","湖之利耶尼亚","湖のリエーニエ","Liurnia of the Lakes"
62355002,62000,76232,620047,241324,"PlaceName",,"王室赏月地","王家の月見場","Royal Moongazing Grounds","湖之利耶尼亚","湖のリエーニエ","Liurnia of the Lakes"
62355003,62000,76214,620024,241324,"PlaceName",,"卡利亚城寨（正门）","カーリアの城館、正門","Main Caria Manor Gate","湖之利耶尼亚","湖のリエーニエ","Liurnia of the Lakes"
62364100,62000,76215,620030,241324,"PlaceName",,"眠狼的破屋","狼の眠るボロ家","Slumbering Wolf's Shack","湖之利耶尼亚","湖のリエーニエ","Liurnia of the Lakes"
62364300,62000,76216,620031,241324,"PlaceName",,"煮虾子的破屋","エビ茹でのボロ家","Boilprawn Shack","湖之利耶尼亚","湖のリエーニエ","Liurnia of the Lakes"
62364301,62000,76236,620051,241324,"PlaceName",,"湖中坠落遗迹","湖の落下遺跡","Fallen Ruins of the Lake","湖之利耶尼亚","湖のリエーニエ","Liurnia of the Lakes"
62364500,62000,76233,620048,241324,"PlaceName",,"门前镇的北方","門前町の北","Gate Town North","湖之利耶尼亚","湖のリエーニエ","Liurnia of the Lakes"
62364800,62001,76207,620010,241325,"PlaceName",,"雷亚卢卡利亚（东门）","レアルカリア東門","East Raya Lucaria Gate","彼鲁姆大道","べイルム街道","Bellum Highway"
62364900,62001,76208,620011,241325,"PlaceName",,"彼鲁姆教堂","ベイルム教会","Bellum Church","彼鲁姆大道","べイルム街道","Bellum Highway"
62364901,62000,76235,620050,241324,"PlaceName",,"谷底","谷底","The Ravine","湖之利耶尼亚","湖のリエーニエ","Liurnia of the Lakes"
62365000,62000,76238,620053,241324,"PlaceName",,"卡利亚城寨（后方）","カーリアの城館、裏手","Behind Caria Manor","湖之利耶尼亚","湖のリエーニエ","Liurnia of the Lakes"
62374200,62000,76203,620003,241324,"PlaceName",,"远眺岛","見晴らし島","Scenic Isle","湖之利耶尼亚","湖のリエーニエ","Liurnia of the Lakes"
62374400,62000,76204,620004,241324,"PlaceName",,"学院门前镇","学院の門前町","Academy Gate Town","湖之利耶尼亚","湖のリエーニエ","Liurnia of the Lakes"
62374600,62000,76224,620039,241324,"PlaceName",,"结缘教堂","結びの教会","Church of Vows","湖之利耶尼亚","湖のリエーニエ","Liurnia of the Lakes"
62374800,62000,76226,620041,241324,"PlaceName",,"群集灵庙","霊廟の群れ","Mausoleum Compound","湖之利耶尼亚","湖のリエーニエ","Liurnia of the Lakes"
62374900,62001,76240,620055,241325,"PlaceName",,"镇静教堂","鎮めの教会","Church of Inhibition","彼鲁姆大道","べイルム街道","Bellum Highway"
62384000,62000,76201,620001,241324,"PlaceName",,"利耶尼亚湖（湖边）","リエーニエ湖の岸辺","Liurnia Lake Shore","湖之利耶尼亚","湖のリエーニエ","Liurnia of the Lakes"
62384100,62000,76202,620002,241324,"PlaceName",,"拉斯卡废墟","ラスカーの廃墟","Laskyar Ruins","湖之利耶尼亚","湖のリエーニエ","Liurnia of the Lakes"
62384300,62000,76222,620037,241324,"PlaceName",,"门前镇大桥","門前町の橋","Gate Town Bridge","湖之利耶尼亚","湖のリエーニエ","Liurnia of the Lakes"
62384500,62000,76217,620032,241324,"PlaceName",,"画家的破屋","絵描きのボロ家","Artist's Shack","湖之利耶尼亚","湖のリエーニエ","Liurnia of the Lakes"
62384501,62000,76223,620038,241324,"PlaceName",,"利耶尼亚湖（东岸）","リエーニエ湖、東岸","Eastern Liurnia Lake Shore","湖之利耶尼亚","湖のリエーニエ","Liurnia of the Lakes"
62384600,62000,76234,620049,241324,"PlaceName",,"东边台地","東部台地","Eastern Tableland","湖之利耶尼亚","湖のリエーニエ","Liurnia of the Lakes"
62384700,62000,76225,620040,241324,"PlaceName",,"遗迹迷宫","遺跡の迷路","Ruined Labyrinth","湖之利耶尼亚","湖のリエーニエ","Liurnia of the Lakes"
62384800,62001,76239,620054,241325,"PlaceName",,"癫火村外","狂い火村のはずれ","Frenzied Flame Village Outskirts","彼鲁姆大道","べイルム街道","Bellum Highway"
62385000,62001,76209,620012,241325,"PlaceName",,"迪可达斯大升降机","デクタスの大昇降機","Grand Lift of Dectus","彼鲁姆大道","べイルム街道","Bellum Highway"
62385001,62000,76229,620044,241324,"PlaceName",,"谷底秘村","谷底の隠し村","Ravine-Veiled Village","湖之利耶尼亚","湖のリエーニエ","Liurnia of the Lakes"
62394000,62000,76200,620000,241324,"PlaceName",,"傍湖断崖","湖を臨む断崖","Lake-Facing Cliffs","湖之利耶尼亚","湖のリエーニエ","Liurnia of the Lakes"
62394100,62000,76244,620059,241324,"PlaceName",,"利耶尼亚大道（南方）","リエーニエ街道南","Liurnia Highway South","湖之利耶尼亚","湖のリエーニエ","Liurnia of the Lakes"
62394200,62000,76221,620036,241324,"PlaceName",,"利耶尼亚大道（北方）","リエーニエ街道北","Liurnia Highway North","湖之利耶尼亚","湖のリエーニエ","Liurnia of the Lakes"
62394400,62000,76245,620060,241324,"PlaceName",,"壶村","壺村","Jarburg","湖之利耶尼亚","湖のリエーニエ","Liurnia of the Lakes"
63355300,63001,76355,631005,241328,"PlaceName",,"沸滚河终点","煮え立ち川の終端","Seethewater Terminus","格密尔火山","ゲルミア火山","Mt. Gelmir"
63365200,63001,76356,631006,241328,"PlaceName",,"匠人的破屋","職人のボロ家","Craftsman's Shack","格密尔火山","ゲルミア火山","Mt. Gelmir"
63365401,63001,76352,631001,241328,"PlaceName",,"格密尔火山（第９休息站）","九合目","Ninth Mt. Gelmir Campsite","格密尔火山","ゲルミア火山","Mt. Gelmir"
63365402,63001,76353,631003,241328,"PlaceName",,"移送罪人之路","罪人送りの道","Road of Iniquity","格密尔火山","ゲルミア火山","Mt. Gelmir"
63375100,63000,76300,630008,241327,"PlaceName",,"弃置棺材","捨てられた棺","Abandoned Coffin","亚坛高原","アルター高原","Altus Plateau"
63375200,63001,76354,631004,241328,"PlaceName",,"沸滚河","煮え立ち川","Seethewater River","格密尔火山","ゲルミア火山","Mt. Gelmir"
63375300,63001,76357,631007,241328,"PlaceName",,"“起源魔法师”亚兹勒","源流の魔術師、アズール","Primeval Sorcerer Azur","格密尔火山","ゲルミア火山","Mt. Gelmir"
63385002,63000,76301,630009,241327,"PlaceName",,"亚坛高原","アルター高原","Altus Plateau","亚坛高原","アルター高原","Altus Plateau"
63385100,63000,76302,630000,241327,"PlaceName",,"近黄金树的山丘","黄金樹を臨む丘","Erdtree-Gazing Hill","亚坛高原","アルター高原","Altus Plateau"
63385400,63001,76351,631002,241328,"PlaceName",,"格密尔火山（第１休息站）","ゲルミア火山、一合目","First Mt. Gelmir Campsite","格密尔火山","ゲルミア火山","Mt. Gelmir"
63395100,63000,76303,630003,241327,"PlaceName",,"亚坛大道的三叉口","アルター街道の三叉路","Altus Highway Junction","亚坛高原","アルター高原","Altus Plateau"
63395300,63001,76350,631000,241328,"PlaceName",,"罪人桥","罪人橋","Bridge of Iniquity","格密尔火山","ゲルミア火山","Mt. Gelmir"
63395400,63000,76320,630051,241327,"PlaceName",,"日荫城（城墙）","日陰城、城壁","Shaded Castle Ramparts","亚坛高原","アルター高原","Altus Plateau"
63395401,63000,76321,630052,241327,"PlaceName",,"日荫城（内门）","日陰城、内門","Shaded Castle Inner Gate","亚坛高原","アルター高原","Altus Plateau"
63395402,63000,76322,630050,241327,"PlaceName",,"城主大厅","城主の広間","Castellan's Hall","亚坛高原","アルター高原","Altus Plateau"
63405200,63000,76304,630007,241327,"PlaceName",,"穿林大桥","森渡の大橋","Forest-Spanning Greatbridge","亚坛高原","アルター高原","Altus Plateau"
63405300,63000,76306,630010,241327,"PlaceName",,"丰饶森林","豊穣の森","Bower of Bounty","亚坛高原","アルター高原","Altus Plateau"
63405400,63000,76307,630006,241327,"PlaceName",,"移送罪人之路（路旁）","罪人送りの道、小脇","Road of Iniquity Side Path","亚坛高原","アルター高原","Altus Plateau"
63415201,63000,76305,630004,241327,"PlaceName",,"城墙旁小径","城壁沿いの小道","Rampartside Path","亚坛高原","アルター高原","Altus Plateau"
63415400,63000,76308,630001,241327,"PlaceName",,"风车村","風車村","Windmill Village","亚坛高原","アルター高原","Altus Plateau"
63425100,63002,76309,630011,241329,"PlaceName",,"城外幻影树","外廓の幻影樹","Outer Wall Phantom Tree","王城外围","王都外廓","Capital Outskirts"
63425500,63000,76313,630013,241327,"PlaceName",,"风车村高台","風車村高台","Windmill Heights","亚坛高原","アルター高原","Altus Plateau"
63435000,63002,76310,630002,241329,"PlaceName",,"小黄金树教堂","小黄金樹教会","Minor Erdtree Church","王城外围","王都外廓","Capital Outskirts"
63435300,63002,76311,630005,241329,"PlaceName",,"遁世商人的破屋","世捨て商人のボロ家","Hermit Merchant's Shack","王城外围","王都外廓","Capital Outskirts"
63435301,63002,76312,630012,241329,"PlaceName",,"城外战场遗迹","外廓の戦場跡","Outer Wall Battleground","王城外围","王都外廓","Capital Outskirts"
63455200,63002,76314,630014,241329,"PlaceName",,"王城城墙前方","王都城壁前","Capital Rampart","王城外围","王都外廓","Capital Outskirts"
64464000,64000,76400,640000,241331,"PlaceName",,"熏火教堂","燻り教会","Smoldering Church","盖利德","ケイリッド","Caelid"
64464001,64000,76401,640001,241331,"PlaceName",,"腐败旁露台","腐敗を臨む露台","Rotview Balcony","盖利德","ケイリッド","Caelid"
64473900,64000,76402,640013,241331,"PlaceName",,"盖尔要塞北方","ゲール砦の北","Fort Gael North","盖利德","ケイリッド","Caelid"
64474000,64000,76403,640005,241331,"PlaceName",,"奇列姆废墟","キレムの廃墟","Caelem Ruins","盖利德","ケイリッド","Caelid"
64483600,64000,76404,640002,241331,"PlaceName",,"大龙飨教堂","大竜餐教会","Cathedral of Dragon Communion","盖利德","ケイリッド","Caelid"
64483700,64000,76405,640019,241331,"PlaceName",,"盖利德大道南方","ケイリッド街道南","Caelid Highway South","盖利德","ケイリッド","Caelid"
64483800,64002,76406,640015,241336,"PlaceName",,"艾奥尼亚沼泽（岸边）","エオニア沼の岸辺","Aeonia Swamp Shore","艾奥尼亚沼泽","エオニアの沼","Swamp of Aeonia"
64483801,64002,76407,640026,241336,"PlaceName",,"盖利德大道北方（偏离大道后）","ケイリッド街道北、逸れた先","Astray from Caelid Highway North","艾奥尼亚沼泽","エオニアの沼","Swamp of Aeonia"
64483900,64000,76409,640003,241331,"PlaceName",,"熏烧火墙","燻りの壁","Smoldering Wall","盖利德","ケイリッド","Caelid"
64484000,64000,76410,640004,241331,"PlaceName",,"希芙拉河的出口井","シーフラ河の奥井戸","Deep Siofra Well","盖利德","ケイリッド","Caelid"
64484001,64001,76450,640020,241332,"PlaceName",,"龙墓西方","竜塚の西","Dragonbarrow West","桂奥尔龙墓","グレイオールの竜塚","Greyoll's Dragonbarrow"
64484100,64001,76451,640006,241332,"PlaceName",,"隐居商人的破屋","隠遁商人のボロ家","Isolated Merchant's Shack","桂奥尔龙墓","グレイオールの竜塚","Greyoll's Dragonbarrow"
64493700,64000,76411,640016,241331,"PlaceName",,"艾奥尼亚沼泽（南岸）","エオニア沼、南岸","Southern Aeonia Swamp Bank","盖利德","ケイリッド","Caelid"
64493800,64002,76412,640007,241336,"PlaceName",,"艾奥尼亚中心地","エオニアの中心","Heart of Aeonia","艾奥尼亚沼泽","エオニアの沼","Swamp of Aeonia"
64493801,64002,76413,640028,241336,"PlaceName",,"艾奥尼亚沼泽（深处）","エオニアの沼、奥地","Inner Aeonia","艾奥尼亚沼泽","エオニアの沼","Swamp of Aeonia"
64493900,64000,76414,640029,241331,"PlaceName",,"瑟利亚镇后侧","サリアの街裏","Sellia Backstreets","盖利德","ケイリッド","Caelid"
64493901,64000,76415,640008,241331,"PlaceName",,"瑟利亚椅子庙","サリアの椅子廟","Chair-Crypt of Sellia","盖利德","ケイリッド","Caelid"
64493902,64000,76416,640017,241331,"PlaceName",,"瑟利亚镇（楼梯下方）","サリアの街、階段下","Sellia Under-Stair","盖利德","ケイリッド","Caelid"
64503600,64000,76417,640009,241331,"PlaceName",,"不破大桥","不落の大橋","Impassable Greatbridge","盖利德","ケイリッド","Caelid"
64503800,64000,76418,640018,241331,"PlaceName",,"腐败病教堂","腐れ病の教会","Church of the Plague","盖利德","ケイリッド","Caelid"
64504000,64001,76452,640022,241332,"PlaceName",,"龙墓的岔路","竜塚の分かれ道","Dragonbarrow Fork","桂奥尔龙墓","グレイオールの竜塚","Greyoll's Dragonbarrow"
64513600,64000,76419,640010,241331,"PlaceName",,"红狮子城（广场）","赤獅子城、広場","Redmane Castle Plaza","盖利德","ケイリッド","Caelid"
64513601,64000,76420,640011,241331,"PlaceName",,"广场前房间","広場前の部屋","Chamber Outside the Plaza","盖利德","ケイリッド","Caelid"
64513900,64001,76453,640021,241332,"PlaceName",,"法洛斯要塞","ファロス砦","Fort Faroth","桂奥尔龙墓","グレイオールの竜塚","Greyoll's Dragonbarrow"
64514300,64001,76454,640025,241332,"PlaceName",,"野兽神殿","獣の神殿","Bestial Sanctum","桂奥尔龙墓","グレイオールの竜塚","Greyoll's Dragonbarrow"
64523800,64000,76422,640014,241331,"PlaceName",,"“碎星”拉塔恩","星砕きのラダーン","Starscourge Radahn","盖利德","ケイリッド","Caelid"
64524100,64001,76455,640023,241332,"PlaceName",,"雷恩魔法师塔","レンの魔術師塔","Lenne's Rise","桂奥尔龙墓","グレイオールの竜塚","Greyoll's Dragonbarrow"
64524200,64001,76456,640024,241332,"PlaceName",,"法姆大桥","ファルム大橋","Farum Greatbridge","桂奥尔龙墓","グレイオールの竜塚","Greyoll's Dragonbarrow"
65475100,63003,76500,650000,241330,"PlaceName",,"禁域","禁域","Forbidden Lands","禁域","禁域","Forbidden Lands"
65475800,65002,76653,651003,241335,"PlaceName",,"离教废屋","棄教の廃屋","Apostate Derelict","化圣雪原","聖別雪原","Consecrated Snowfield"
65485700,65002,76652,651002,241335,"PlaceName",,"“仪典镇”奥缇那","典礼街オルディナ","Ordina, Liturgical Town","化圣雪原","聖別雪原","Consecrated Snowfield"
65495300,65000,76501,650001,241333,"PlaceName",,"萨米尔废墟","ザミェルの廃墟","Zamor Ruins","巨人山顶","巨人たちの山嶺","Mountaintops of the Giants"
65495301,63003,76502,650010,241330,"PlaceName",,"洛德大升降机","ロルドの大昇降機","Grand Lift of Rold","禁域","禁域","Forbidden Lands"
65495400,65002,76550,651000,241335,"PlaceName",,"化圣雪原","聖別雪原","Consecrated Snowfield","化圣雪原","聖別雪原","Consecrated Snowfield"
65495500,65002,76551,651001,241335,"PlaceName",,"化圣雪原（深处）","聖別雪原、奥地","Inner Consecrated Snowfield","化圣雪原","聖別雪原","Consecrated Snowfield"
65515300,65001,76507,650006,241334,"PlaceName",,"安歇教堂","安息教会","Church of Repose","火焰之巅","火の頂","Flame Peak"
65515600,65000,76503,650002,241333,"PlaceName",,"古遗迹降雪谷","古遺跡の雪谷","Ancient Snow Valley Ruins","巨人山顶","巨人たちの山嶺","Mountaintops of the Giants"
65515700,65000,76521,650051,241333,"PlaceName",,"古遗迹山谷的山崖上","古遺跡谷の崖上","Snow Valley Ruins Overlook","巨人山顶","巨人たちの山嶺","Mountaintops of the Giants"
65515701,65000,76522,650052,241333,"PlaceName",,"索尔城（正门）","ソールの城砦、正門","Castle Sol Main Gate","巨人山顶","巨人たちの山嶺","Mountaintops of the Giants"
65515702,65000,76523,650053,241333,"PlaceName",,"日蚀教堂","日蝕教会","Church of the Eclipse","巨人山顶","巨人たちの山嶺","Mountaintops of the Giants"
65515703,65000,76524,650054,241333,"PlaceName",,"索尔城（屋顶）","ソールの城砦、屋上","Castle Sol Rooftop","巨人山顶","巨人たちの山嶺","Mountaintops of the Giants"
65525300,65001,76508,650007,241334,"PlaceName",,"火焰大锅下方","火の釜の麓","Foot of the Forge","火焰之巅","火の頂","Flame Peak"
65525400,65001,76506,650005,241334,"PlaceName",,"巨人墓碑","巨人墓標","Giants' Gravepost","火焰之巅","火の頂","Flame Peak"
65525600,65000,76520,650050,241333,"PlaceName",,"降雪棱线路","雪の尾根道","Whiteridge Road","巨人山顶","巨人たちの山嶺","Mountaintops of the Giants"
65525700,65000,76504,650003,241333,"PlaceName",,"结冰湖","氷結湖","Freezing Lake","巨人山顶","巨人たちの山嶺","Mountaintops of the Giants"
65535200,65001,76509,650008,241334,"PlaceName",,"火焰巨人","火の巨人","Fire Giant","火焰之巅","火の頂","Flame Peak"
65545300,65001,76510,650009,241334,"PlaceName",,"巨人火焰大锅","巨人の火の釜","Forge of the Giants","火焰之巅","火の頂","Flame Peak"
65545500,65000,76505,650004,241333,"PlaceName",,"玛莉卡第一教堂","第一マリカ教会","First Church of Marika","巨人山顶","巨人たちの山嶺","Mountaintops of the Giants"
68463900,6830,76832,683002,241338,"PlaceName","dlc01","青蓝海岸西边","青海岸西","Cerulean Coast West","青蓝海岸","青海岸","Cerulean Coast"
68473600,6830,76833,683003,241338,"PlaceName","dlc01","大洞","大穴","The Fissure","青蓝海岸","青海岸","Cerulean Coast"
68474101,6800,76830,683000,241353,"PlaceName","dlc01","艾拉克河下游","エラク川下流","Ellac River Downstream","墓地平原","墓地平原","Gravesite Plain"
68483700,6830,76835,683005,241338,"PlaceName","dlc01","青蓝海岸的十字记号","青海岸の十字","Cerulean Coast Cross","青蓝海岸","青海岸","Cerulean Coast"
68483900,6830,76831,683001,241338,"PlaceName","dlc01","青蓝海岸","青海岸","Cerulean Coast","青蓝海岸","青海岸","Cerulean Coast"
68483901,6840,76841,684001,241341,"PlaceName","dlc01","卡罗隐藏墓地","カロの隠し墓地","Charo's Hidden Grave","卡罗隐藏墓地","カロの隠し墓地","Charo's Hidden Grave"
68484300,6860,76861,686001,241344,"PlaceName","dlc01","水帘瀑布","簾滝","Divided Falls","谷底森林","奈落の森","Abyssal Woods"
68493900,6851,76840,684000,241339,"PlaceName","dlc01","龙飨大祭坛","竜餐の大祭壇","Grand Altar of Dragon Communion","尖刺山的山脚","ギザ山の麓","Foot of the Jagged Peak"
68503800,6830,76834,683004,241338,"PlaceName","dlc01","利亚指头遗迹","リアの指遺跡","Finger Ruins of Rhia","青蓝海岸","青海岸","Cerulean Coast"
68504200,6860,76860,686000,241344,"PlaceName","dlc01","谷底森林","奈落の森","Abyssal Woods","谷底森林","奈落の森","Abyssal Woods"
68514200,6860,76863,686003,241344,"PlaceName","dlc01","林中兽径","森の獣道","Woodland Trail","谷底森林","奈落の森","Abyssal Woods"
68524000,6851,76850,685000,241339,"PlaceName","dlc01","尖刺山的山脚","ギザ山の麓","Foot of the Jagged Peak","尖刺山的山脚","ギザ山の麓","Foot of the Jagged Peak"
68524300,6860,76862,686002,241344,"PlaceName","dlc01","荒废墓地","見捨てられた墓地","Forsaken Graveyard","谷底森林","奈落の森","Abyssal Woods"
68533900,6850,76851,685001,241340,"PlaceName","dlc01","尖刺山（中段）","ギザ山、中腹","Jagged Peak Mountainside","尖刺山","ギザ山","Jagged Peak"
68534100,6860,76864,686004,241344,"PlaceName","dlc01","废弃教堂","廃教会","Church Ruins","谷底森林","奈落の森","Abyssal Woods"
68543900,6850,76852,685002,241340,"PlaceName","dlc01","尖刺山（山顶）","ギザ山、山頂","Jagged Peak Summit","尖刺山","ギザ山","Jagged Peak"
68553900,6850,76853,685003,241340,"PlaceName","dlc01","狂龙之席","暴竜の座","Rest of the Dread Dragon","尖刺山","ギザ山","Jagged Peak"
69444500,6940,76944,694004,241342,"PlaceName","dlc01","古遗迹（大楼梯）","古遺跡、大階段","Ancient Ruins, Grand Stairway","劳弗古遗迹","ラウフの古遺跡","Ancient Ruins of Rauh"
69444501,6940,76945,694005,241342,"PlaceName","dlc01","花蕾教堂","蕾の教会","Church of the Bud","劳弗古遗迹","ラウフの古遺跡","Ancient Ruins of Rauh"
69444600,6940,76943,694003,241342,"PlaceName","dlc01","花蕾教堂（正门口）","蕾の教会、正門前","Church of the Bud, Main Entrance","劳弗古遗迹","ラウフの古遺跡","Ancient Ruins of Rauh"
69454501,6940,76942,694002,241342,"PlaceName","dlc01","劳弗古遗迹（西方）","ラウフの古遺跡、西","Rauh Ancient Ruins, West","劳弗古遗迹","ラウフの古遺跡","Ancient Ruins of Rauh"
69454600,6950,76913,690013,241354,"PlaceName","dlc01","神殿镇废墟","神殿街の廃墟","Temple Town Ruins","劳弗下方","ラウフの麓","Rauh Base"
69454700,6950,76914,690014,241354,"PlaceName","dlc01","峡谷北方","峡谷北","Ravine North","劳弗下方","ラウフの麓","Rauh Base"
69464700,6940,76941,694001,241342,"PlaceName","dlc01","劳弗古遗迹（东方）","ラウフの古遺跡、東","Rauh Ancient Ruins, East","劳弗古遗迹","ラウフの古遺跡","Ancient Ruins of Rauh"
69474500,6900,76907,690007,241337,"PlaceName","dlc01","幽影亚坛（西方）","影のアルター、西","Scadu Altus, West","幽影亚坛","影のアルター","Scadu Altus"
69474700,6940,76940,694000,241342,"PlaceName","dlc01","高架桥的小塔","高架橋の小塔","Viaduct Minor Tower","劳弗古遗迹","ラウフの古遺跡","Ancient Ruins of Rauh"
69484500,6900,76900,690000,241337,"PlaceName","dlc01","大道旁的十字记号","街道の十字","Highroad Cross","幽影亚坛","影のアルター","Scadu Altus"
69484700,6950,76912,690012,241354,"PlaceName","dlc01","古遗迹下方","古遺跡の麓","Ancient Ruins Base","劳弗下方","ラウフの麓","Rauh Base"
69494300,6900,76908,690008,241337,"PlaceName","dlc01","穆斯大道（南方）","モース街道、南端","Moorth Highway, South","幽影亚坛","影のアルター","Scadu Altus"
69494301,6900,76909,690009,241337,"PlaceName","dlc01","惩罚要塞","懲罰砦","Fort of Reprimand","幽影亚坛","影のアルター","Scadu Altus"
69494302,6900,76910,690010,241337,"PlaceName","dlc01","惩罚要塞（后方）","懲罰砦、裏手","Behind the Fort of Reprimand","幽影亚坛","影のアルター","Scadu Altus"
69494400,6900,76902,690002,241337,"PlaceName","dlc01","穆斯废墟","モースの廃墟","Moorth Ruins","幽影亚坛","影のアルター","Scadu Altus"
69494401,6900,76903,690003,241337,"PlaceName","dlc01","波尼村","ボニ村","Bonny Village","幽影亚坛","影のアルター","Scadu Altus"
69494700,6900,76916,690016,241337,"PlaceName","dlc01","城底积水处","城下の水場","Castle Watering Hole","幽影亚坛","影のアルター","Scadu Altus"
69494800,6920,76930,692000,241343,"PlaceName","dlc01","望影露台","影を仰ぐ露台","Scaduview","望影露台","影を仰ぐ露台","Scaduview"
69494801,6920,76931,692001,241343,"PlaceName","dlc01","幽影城（后门）","影の城、裏門","Shadow Keep, Back Gate","望影露台","影を仰ぐ露台","Scaduview"
69504300,6900,76911,690011,241337,"PlaceName","dlc01","远望幽影树的十字记号","影樹を臨む十字","Scaduview Cross","幽影亚坛","影のアルター","Scadu Altus"
69504400,6900,76918,690018,241337,"PlaceName","dlc01","隐者河下游","隠者川下流","Recluses' River Downstream","幽影亚坛","影のアルター","Scadu Altus"
69504500,6900,76917,690017,241337,"PlaceName","dlc01","隐者河上游","隠者川上流","Recluses' River Upstream","幽影亚坛","影のアルター","Scadu Altus"
69504800,6920,76935,693000,241343,"PlaceName","dlc01","隐匿之地","隠された地","Hinterland","望影露台","影を仰ぐ露台","Scaduview"
69504801,6920,76960,696000,241343,"PlaceName","dlc01","幽影树的树脚","影樹の麓","Scadutree Base","望影露台","影を仰ぐ露台","Scaduview"
69514400,6900,76904,690004,241337,"PlaceName","dlc01","通村吊桥","村へ続くつり橋","Bridge Leading to the Village","幽影亚坛","影のアルター","Scadu Altus"
69514500,6900,76906,690006,241337,"PlaceName","dlc01","玛努斯·美特大教堂","マヌス・メテルの大教会","Cathedral of Manus Metyr","幽影亚坛","影のアルター","Scadu Altus"
69514700,6900,76905,690005,241337,"PlaceName","dlc01","教区大道","教区街道","Church District Highroad","幽影亚坛","影のアルター","Scadu Altus"
69514800,6920,76936,693001,241343,"PlaceName","dlc01","指岩山丘","指岩の丘","Fingerstone Hill","望影露台","影を仰ぐ露台","Scaduview"
69514801,6920,76937,693002,241343,"PlaceName","dlc01","隐匿之地（桥边）","隠された地、橋","Hinterland Bridge","望影露台","影を仰ぐ露台","Scaduview"
